{
    "Accuracy-focused (with Density)": {
        "Density": 0.9841735286000363,
        "Age": 0.0009914999024383845,
        "Weight": 0.002495527113166685,
        "Height": 0.0034405861181039496,
        "Abdomen": 0.003184710765161972,
        "Neck": 0.001707865203638318,
        "Chest": 0.0022840425771066624,
        "Hip": 0.0006218183666405418,
        "Thigh": 0.0011004213537073064
    },
    "Explainability-focused (no Density)": {
        "Age": 0.035898494459157375,
        "Weight": 0.03248387793517912,
        "Height": 0.05738399700099705,
        "Abdomen": 0.7360209531918999,
        "Neck": 0.03831027728126233,
        "Chest": 0.039984762515551955,
        "Hip": 0.030892893412660594,
        "Thigh": 0.02902474420329173
    }
}